﻿"Geography","Households—Total—Less than $10,000—Estimate","MoE"
"Census Tract 1.01; Story County; Iowa","0%","± 2.7%"
"Census Tract 1.02; Story County; Iowa","7.3%","± 7%"
"Census Tract 1.03; Story County; Iowa","0.6%","± 0.8%"
"Census Tract 1.04; Story County; Iowa","0%","± 3.4%"
"Census Tract 1.05; Story County; Iowa","11.4%","± 7.3%"
"Census Tract 10; Story County; Iowa","7.6%","± 4.3%"
"Census Tract 101.01; Story County; Iowa","2.5%","± 2%"
"Census Tract 101.02; Story County; Iowa","2.7%","± 1.8%"
"Census Tract 102; Story County; Iowa","1.3%","± 1.1%"
"Census Tract 103; Story County; Iowa","7.5%","± 4%"
"Census Tract 104; Story County; Iowa","3.8%","± 3.4%"
"Census Tract 105; Story County; Iowa","2%","± 1.5%"
"Census Tract 106; Story County; Iowa","0.3%","± 0.3%"
"Census Tract 11.01; Story County; Iowa","14%","± 8%"
"Census Tract 11.02; Story County; Iowa","17.1%","± 12.8%"
"Census Tract 12; Story County; Iowa","0%","± 45.3%"
"Census Tract 13.02; Story County; Iowa","6.9%","± 5.7%"
"Census Tract 13.03; Story County; Iowa","2%","± 2.4%"
"Census Tract 13.04; Story County; Iowa","9.3%","± 5.7%"
"Census Tract 2; Story County; Iowa","4.7%","± 2.9%"
"Census Tract 3; Story County; Iowa","5.8%","± 7.9%"
"Census Tract 4; Story County; Iowa","7%","± 4.6%"
"Census Tract 5; Story County; Iowa","26.5%","± 9%"
"Census Tract 6; Story County; Iowa","5.6%","± 5.4%"
"Census Tract 7; Story County; Iowa","19%","± 9.7%"
"Census Tract 8; Story County; Iowa","-","**"
"Census Tract 9; Story County; Iowa","4.1%","± 2.2%"